num,side,entryIdx,exitIdx,entryDt,exitDt,entryPrice,exitPrice,exitType,pnlPctOrigin,pnlPct,sl,be,tsTrig,tsStep
3337,SHORT,21340,21350,2025-06-08 06:00:00,2025-06-08 16:00:00,105442.87,105984.53,EXIT,-0.5136999780070511,-0.5136999780070511,2.0,1.2,1.0,1.6
3338,LONG,21350,21360,2025-06-08 16:00:00,2025-06-09 02:00:00,106189.99,105527.71,EXIT,-0.6236746043577166,-0.6236746043577166,2.0,1.2,1.0,1.6
3339,SHORT,21360,21368,2025-06-09 02:00:00,2025-06-09 10:00:00,105560.89,106612.53,EXIT,-0.9962401794831395,-0.9962401794831395,2.0,1.2,1.0,1.6
3340,LONG,21368,21397,2025-06-09 10:00:00,2025-06-10 15:00:00,107179.7,108620.0,EXIT,1.3438179058161228,1.3438179058161228,2.0,1.2,1.0,1.6
3341,SHORT,21397,21403,2025-06-10 15:00:00,2025-06-10 21:00:00,109015.42,109960.01,EXIT,-0.8664737520618612,-0.8664737520618612,2.0,1.2,1.0,1.6
3342,LONG,21403,21412,2025-06-10 21:00:00,2025-06-11 06:00:00,109863.07,109468.04,EXIT,-0.35956577583351107,-0.35956577583351107,2.0,1.2,1.0,1.6
3343,SHORT,21412,21466,2025-06-11 06:00:00,2025-06-13 12:00:00,109595.01,105039.48,EXIT,4.15669472542591,4.15669472542591,2.0,1.2,1.0,1.6
3344,LONG,21466,21468,2025-06-13 12:00:00,2025-06-13 14:00:00,104852.29,104732.82,EXIT,-0.11394124057756547,-0.11394124057756547,2.0,1.2,1.0,1.6
3345,SHORT,21468,21469,2025-06-13 14:00:00,2025-06-13 15:00:00,104970.74,104970.74,EXIT,0.0,0.0,2.0,1.2,1.0,1.6
3346,LONG,21469,21482,2025-06-13 15:00:00,2025-06-14 04:00:00,105436.87,105228.83,EXIT,-0.1973123822814482,-0.1973123822814482,2.0,1.2,1.0,1.6
3347,SHORT,21482,21501,2025-06-14 04:00:00,2025-06-14 23:00:00,105371.07,105428.75,EXIT,-0.05473988258825977,-0.05473988258825977,2.0,1.2,1.0,1.6
3348,LONG,21501,21513,2025-06-14 23:00:00,2025-06-15 11:00:00,105414.64,105119.99,EXIT,-0.2795152551865606,-0.2795152551865606,2.0,1.2,1.0,1.6
3349,SHORT,21513,21517,2025-06-15 11:00:00,2025-06-15 15:00:00,104970.51,105657.63,EXIT,-0.6545838445483497,-0.6545838445483497,2.0,1.2,1.0,1.6
3350,LONG,21517,21523,2025-06-15 15:00:00,2025-06-15 21:00:00,105564.0,104729.53,EXIT,-0.790487287332804,-0.790487287332804,2.0,1.2,1.0,1.6
3351,SHORT,21523,21527,2025-06-15 21:00:00,2025-06-16 01:00:00,104807.75,105429.32,EXIT,-0.5930572882253525,-0.5930572882253525,2.0,1.2,1.0,1.6
3352,LONG,21527,21545,2025-06-16 01:00:00,2025-06-16 19:00:00,105815.08,108566.27208000001,TS SL,0.7115998967254913,2.6000000000000076,2.0,1.2,1.0,1.6
3353,SHORT,21559,21567,2025-06-17 09:00:00,2025-06-17 17:00:00,106160.57,103400.39518,TS SL,1.0239677499847661,2.6,2.0,1.2,1.0,1.6
3354,LONG,21603,21604,2025-06-19 05:00:00,2025-06-19 06:00:00,104892.86,104892.86,EXIT,0.0,0.0,2.0,1.2,1.0,1.6
3355,SHORT,21604,21630,2025-06-19 06:00:00,2025-06-20 08:00:00,104707.94,105811.74,EXIT,-1.0541702950129694,-1.0541702950129694,2.0,1.2,1.0,1.6
3356,LONG,21630,21638,2025-06-20 08:00:00,2025-06-20 16:00:00,105959.68,103840.4864,SL,-2.160321737475984,-1.9999999999999991,2.0,1.2,1.0,1.6
3357,SHORT,21639,21657,2025-06-20 17:00:00,2025-06-21 11:00:00,103279.26,103831.22,EXIT,-0.5344345031132159,-0.5344345031132159,2.0,1.2,1.0,1.6
3358,LONG,21657,21661,2025-06-21 11:00:00,2025-06-21 15:00:00,103874.64,103550.0,EXIT,-0.3125305656895653,-0.3125305656895653,2.0,1.2,1.0,1.6
3359,SHORT,21661,21669,2025-06-21 15:00:00,2025-06-21 23:00:00,103560.9,100868.31659999999,TS SL,0.7733903432666123,2.600000000000003,2.0,1.2,1.0,1.6
3360,LONG,21683,21685,2025-06-22 13:00:00,2025-06-22 15:00:00,100865.66,99628.29,EXIT,-1.2267505115219688,-1.2267505115219688,2.0,1.2,1.0,1.6
3361,SHORT,21685,21692,2025-06-22 15:00:00,2025-06-22 22:00:00,98906.21,100884.33420000001,SL,-2.2197190651628325,-2.0000000000000058,2.0,1.2,1.0,1.6
3362,LONG,21696,21777,2025-06-23 02:00:00,2025-06-26 11:00:00,101301.2,107389.0,EXIT,6.009603045176171,6.009603045176171,2.0,1.2,1.0,1.6
3363,SHORT,21777,21795,2025-06-26 11:00:00,2025-06-27 05:00:00,107325.41,107497.07,EXIT,-0.1599434840267589,-0.1599434840267589,2.0,1.2,1.0,1.6
3364,LONG,21795,21799,2025-06-27 05:00:00,2025-06-27 09:00:00,107267.74,106998.54,EXIT,-0.25096082009373144,-0.25096082009373144,2.0,1.2,1.0,1.6
3365,SHORT,21799,21813,2025-06-27 09:00:00,2025-06-27 23:00:00,107083.8,107100.7,EXIT,-0.01578203238958104,-0.01578203238958104,2.0,1.2,1.0,1.6
3366,LONG,21813,21829,2025-06-27 23:00:00,2025-06-28 15:00:00,107047.59,107204.81,EXIT,0.14686925693516423,0.14686925693516423,2.0,1.2,1.0,1.6
3367,SHORT,21829,21840,2025-06-28 15:00:00,2025-06-29 02:00:00,107449.28,107311.0,EXIT,0.1286932774235424,0.1286932774235424,2.0,1.2,1.0,1.6
3368,LONG,21840,21858,2025-06-29 02:00:00,2025-06-29 20:00:00,107307.48,107406.8,EXIT,0.09255645552388984,0.09255645552388984,2.0,1.2,1.0,1.6
3369,SHORT,21858,21861,2025-06-29 20:00:00,2025-06-29 23:00:00,107359.79,108079.91,EXIT,-0.6707539200663581,-0.6707539200663581,2.0,1.2,1.0,1.6
3370,LONG,21861,21871,2025-06-29 23:00:00,2025-06-30 09:00:00,108356.93,107512.89,EXIT,-0.7789441801276519,-0.7789441801276519,2.0,1.2,1.0,1.6
3371,SHORT,21871,21915,2025-06-30 09:00:00,2025-07-02 05:00:00,107478.77,106382.85,EXIT,1.0196618364724477,1.0196618364724477,2.0,1.2,1.0,1.6
3372,LONG,21915,21961,2025-07-02 05:00:00,2025-07-04 03:00:00,106638.83,109180.54,EXIT,2.383475137527289,2.383475137527289,2.0,1.2,1.0,1.6
3373,SHORT,21961,21989,2025-07-04 03:00:00,2025-07-05 07:00:00,109235.57,108270.82,EXIT,0.8831830144704697,0.8831830144704697,2.0,1.2,1.0,1.6
3374,LONG,21989,21991,2025-07-05 07:00:00,2025-07-05 09:00:00,108053.46,108029.96,EXIT,-0.02174849375485061,-0.02174849375485061,2.0,1.2,1.0,1.6
3375,SHORT,21991,21992,2025-07-05 09:00:00,2025-07-05 10:00:00,108078.06,108078.07,EXIT,-9.252571714659966e-06,-9.252571714659966e-06,2.0,1.2,1.0,1.6
3376,LONG,21992,22001,2025-07-05 10:00:00,2025-07-05 19:00:00,108085.23,108010.01,EXIT,-0.06959322749278618,-0.06959322749278618,2.0,1.2,1.0,1.6
3377,SHORT,22001,22002,2025-07-05 19:00:00,2025-07-05 20:00:00,108141.78,108141.78,EXIT,0.0,0.0,2.0,1.2,1.0,1.6
3378,LONG,22002,22012,2025-07-05 20:00:00,2025-07-06 06:00:00,108096.75,108003.36,EXIT,-0.08639482685649608,-0.08639482685649608,2.0,1.2,1.0,1.6
3379,SHORT,22012,22020,2025-07-06 06:00:00,2025-07-06 14:00:00,108121.98,108772.18,EXIT,-0.6013578367691723,-0.6013578367691723,2.0,1.2,1.0,1.6
3380,LONG,22020,22040,2025-07-06 14:00:00,2025-07-07 10:00:00,108933.25,108849.05,EXIT,-0.07729504077037735,-0.07729504077037735,2.0,1.2,1.0,1.6
3381,SHORT,22040,22062,2025-07-07 10:00:00,2025-07-08 08:00:00,108664.14,108484.61,EXIT,0.1652154979554422,0.1652154979554422,2.0,1.2,1.0,1.6
3382,LONG,22062,22165,2025-07-08 08:00:00,2025-07-12 15:00:00,108262.36,117389.47,EXIT,8.430547791494662,8.430547791494662,2.0,1.2,1.0,1.6
3383,SHORT,22165,22178,2025-07-12 15:00:00,2025-07-13 04:00:00,117100.01,117753.59,EXIT,-0.5581382956329395,-0.5581382956329395,2.0,1.2,1.0,1.6
3384,LONG,22178,22201,2025-07-13 04:00:00,2025-07-14 03:00:00,117879.22,120944.07972000001,TS SL,1.711243084234861,2.6000000000000063,2.0,1.2,1.0,1.6
3385,SHORT,22216,22239,2025-07-14 18:00:00,2025-07-15 17:00:00,119644.94,117188.0,EXIT,2.053526041301874,2.053526041301874,2.0,1.2,1.0,1.6
3386,LONG,22239,22246,2025-07-15 17:00:00,2025-07-16 00:00:00,117372.99,117758.08,EXIT,0.6303835320204368,0.32809081544228913,2.0,1.2,1.0,1.6
