Trade #,Type,Signal,Date/Time,Price USDT,Quantity,P&L USDT,P&L %,Run-up USDT,Run-up %,Drawdown USDT,Drawdown %,Cumulative P&L USDT,Cumulative P&L %
1,Exit short,Close entry(s) order SHORT,1/3/2024 8:30,0.0013557,722334585.4,20586.54,2.06%,46590.58,4.66%,-18202.83,-1.82%,20586.54,2.06%
1,Entry short,SHORT,1/2/2024 20:00,0.0013842,722334585.4,20586.54,2.06%,46590.58,4.66%,-18202.83,-1.82%,20586.54,2.06%
2,Exit short,LONG,1/3/2024 23:30,0.0012573,831367331.4,-24774.75,-2.43%,63849.01,6.26%,-30677.45,-3.01%,-4188.21,-2.43%
2,Entry short,SHORT,1/3/2024 20:00,0.0012275,831367331.4,-24774.75,-2.43%,63849.01,6.26%,-30677.45,-3.01%,-4188.21,-2.43%
3,Exit long,SHORT,1/4/2024 2:00,0.0011868,791894904.2,-55828.59,-5.61%,0,0.00%,-67707.02,-6.80%,-60016.8,-5.61%
3,Entry long,LONG,1/3/2024 23:30,0.0012573,791894904.2,-55828.59,-5.61%,0,0.00%,-67707.02,-6.80%,-60016.8,-5.61%
4,Exit short,Close entry(s) order SHORT,1/4/2024 11:30,0.0012124,792031680.6,-20276.01,-2.16%,12989.32,1.38%,-30334.81,-3.23%,-80292.81,-2.16%
4,Entry short,SHORT,1/4/2024 2:00,0.0011868,792031680.6,-20276.01,-2.16%,12989.32,1.38%,-30334.81,-3.23%,-80292.81,-2.16%
5,Exit long,Close entry(s) order LONG,1/10/2024 14:30,0.0011778,756400351.5,-28970.13,-3.15%,12480.61,1.36%,-39105.9,-4.25%,-109262.94,-3.15%
5,Entry long,LONG,1/10/2024 5:30,0.0012161,756400351.5,-28970.13,-3.15%,12480.61,1.36%,-39105.9,-4.25%,-109262.94,-3.15%
6,Exit long,Close entry(s) order LONG,1/10/2024 19:30,0.0011939,700099861.7,-54817.82,-6.15%,17082.44,1.92%,-65809.39,-7.39%,-164080.77,-6.15%
6,Entry long,LONG,1/10/2024 17:00,0.0012722,700099861.7,-54817.82,-6.15%,17082.44,1.92%,-65809.39,-7.39%,-164080.77,-6.15%
7,Exit short,Close entry(s) order SHORT,1/13/2024 13:00,0.0012351,659814693.2,20718.18,2.48%,72843.54,8.72%,-1781.5,-0.21%,-143362.58,2.48%
7,Entry short,SHORT,1/13/2024 5:00,0.0012665,659814693.2,20718.18,2.48%,72843.54,8.72%,-1781.5,-0.21%,-143362.58,2.48%
8,Exit short,Close entry(s) order SHORT,1/15/2024 5:30,0.0012277,707088251.1,-11384.12,-1.33%,9050.73,1.06%,-16333.74,-1.91%,-154746.7,-1.33%
8,Entry short,SHORT,1/15/2024 3:00,0.0012116,707088251.1,-11384.12,-1.33%,9050.73,1.06%,-16333.74,-1.91%,-154746.7,-1.33%
9,Exit long,Close entry(s) order LONG,1/16/2024 5:00,0.001214,686416514,-11806.36,-1.40%,5491.33,0.65%,-13728.33,-1.62%,-166553.06,-1.40%
9,Entry long,LONG,1/16/2024 1:30,0.0012312,686416514,-11806.36,-1.40%,5491.33,0.65%,-13728.33,-1.62%,-166553.06,-1.40%
10,Exit long,SHORT,1/19/2024 0:30,0.0011681,703746458.9,-11471.07,-1.38%,6755.97,0.81%,-30542.6,-3.66%,-178024.14,-1.38%
10,Entry long,LONG,1/18/2024 22:30,0.0011844,703746458.9,-11471.07,-1.38%,6755.97,0.81%,-30542.6,-3.66%,-178024.14,-1.38%
11,Exit short,Close entry(s) order SHORT,1/19/2024 13:30,0.0011359,703686211.8,22658.7,2.76%,45528.5,5.54%,-140.74,-0.02%,-155365.44,2.76%
11,Entry short,SHORT,1/19/2024 0:30,0.0011681,703686211.8,22658.7,2.76%,45528.5,5.54%,-140.74,-0.02%,-155365.44,2.76%
12,Exit long,Close entry(s) order LONG,1/22/2024 15:00,0.0011128,757451851.9,-1742.14,-0.21%,1287.67,0.15%,-6514.09,-0.77%,-157107.58,-0.21%
12,Entry long,LONG,1/22/2024 14:30,0.0011151,757451851.9,-1742.14,-0.21%,1287.67,0.15%,-6514.09,-0.77%,-157107.58,-0.21%
13,Exit long,Close entry(s) order LONG,1/24/2024 3:30,0.0010152,829700187.8,-497.82,-0.06%,11781.74,1.40%,-8214.03,-0.97%,-157605.4,-0.06%
13,Entry long,LONG,1/23/2024 23:30,0.0010158,829700187.8,-497.82,-0.06%,11781.74,1.40%,-8214.03,-0.97%,-157605.4,-0.06%
14,Exit short,LONG,1/27/2024 17:30,0.0010887,785449511.1,-12724.28,-1.51%,2434.89,0.29%,-15473.35,-1.84%,-170329.69,-1.51%
14,Entry short,SHORT,1/27/2024 14:30,0.0010725,785449511.1,-12724.28,-1.51%,2434.89,0.29%,-15473.35,-1.84%,-170329.69,-1.51%
15,Exit long,Close entry(s) order LONG,1/28/2024 2:30,0.0010858,762074325.9,-2210.02,-0.27%,8001.78,0.96%,-6020.39,-0.73%,-172539.7,-0.27%
15,Entry long,LONG,1/27/2024 17:30,0.0010887,762074325.9,-2210.02,-0.27%,8001.78,0.96%,-6020.39,-0.73%,-172539.7,-0.27%
16,Exit long,Close entry(s) order LONG,1/30/2024 5:30,0.0010703,766592832.1,-6899.34,-0.83%,4062.94,0.49%,-12035.51,-1.45%,-179439.03,-0.83%
16,Entry long,LONG,1/30/2024 0:00,0.0010793,766592832.1,-6899.34,-0.83%,4062.94,0.49%,-12035.51,-1.45%,-179439.03,-0.83%
17,Exit short,Close entry(s) order SHORT,2/1/2024 16:30,0.000917,883558703,10337.64,1.26%,37374.53,4.55%,-15020.5,-1.83%,-169101.39,1.26%
17,Entry short,SHORT,2/1/2024 2:30,0.0009287,883558703,10337.64,1.26%,37374.53,4.55%,-15020.5,-1.83%,-169101.39,1.26%
18,Exit long,SHORT,2/4/2024 14:00,0.0009015,917207864.4,-4127.44,-0.50%,7154.22,0.86%,-9080.36,-1.09%,-173228.83,-0.50%
18,Entry long,LONG,2/4/2024 10:00,0.000906,917207864.4,-4127.44,-0.50%,7154.22,0.86%,-9080.36,-1.09%,-173228.83,-0.50%
19,Exit short,Close entry(s) order SHORT,2/4/2024 15:30,0.0009053,917106110.7,-3485,-0.42%,4677.24,0.57%,-4126.98,-0.50%,-176713.83,-0.42%
19,Entry short,SHORT,2/4/2024 14:00,0.0009015,917106110.7,-3485,-0.42%,4677.24,0.57%,-4126.98,-0.50%,-176713.83,-0.42%
20,Exit short,LONG,2/15/2024 4:30,0.0012268,694053419.2,-28247.97,-3.43%,0,0.00%,-51637.57,-6.27%,-204961.81,-3.43%
20,Entry short,SHORT,2/15/2024 1:30,0.0011861,694053419.2,-28247.97,-3.43%,0,0.00%,-51637.57,-6.27%,-204961.81,-3.43%
21,Exit long,Close entry(s) order LONG,2/15/2024 15:00,0.0012388,647949128.9,7775.39,0.98%,53909.37,6.78%,-8488.13,-1.07%,-197186.42,0.98%
21,Entry long,LONG,2/15/2024 4:30,0.0012268,647949128.9,7775.39,0.98%,53909.37,6.78%,-8488.13,-1.07%,-197186.42,0.98%
22,Exit long,Close entry(s) order LONG,2/18/2024 21:30,0.0011943,687988329,18713.28,2.33%,38320.95,4.77%,-9219.04,-1.15%,-178473.14,2.33%
22,Entry long,LONG,2/18/2024 0:30,0.0011671,687988329,18713.28,2.33%,38320.95,4.77%,-9219.04,-1.15%,-178473.14,2.33%
23,Exit short,Close entry(s) order SHORT,2/21/2024 1:00,0.0011563,719879831.5,-10870.19,-1.32%,143.98,0.02%,-11518.08,-1.40%,-189343.33,-1.32%
23,Entry short,SHORT,2/21/2024 0:30,0.0011412,719879831.5,-10870.19,-1.32%,143.98,0.02%,-11518.08,-1.40%,-189343.33,-1.32%
24,Exit short,Close entry(s) order SHORT,2/22/2024 4:30,0.0011363,734623179.2,-24095.64,-2.97%,1910.02,0.24%,-24095.64,-2.97%,-213438.97,-2.97%
24,Entry short,SHORT,2/22/2024 1:30,0.0011035,734623179.2,-24095.64,-2.97%,1910.02,0.24%,-24095.64,-2.97%,-213438.97,-2.97%
25,Exit short,Close entry(s) order SHORT,2/24/2024 12:00,0.0011939,610399688,57865.89,7.36%,85211.8,10.83%,-4822.16,-0.61%,-155573.08,7.36%
25,Entry short,SHORT,2/23/2024 21:00,0.0012887,610399688,57865.89,7.36%,85211.8,10.83%,-4822.16,-0.61%,-155573.08,7.36%
26,Exit long,Close entry(s) order LONG,2/27/2024 22:30,0.0021476,580521743.7,402301.56,47.64%,501686.9,59.41%,-16138.5,-1.91%,246728.5,47.64%
26,Entry long,LONG,2/26/2024 20:30,0.0014546,580521743.7,402301.56,47.64%,501686.9,59.41%,-16138.5,-1.91%,246728.5,47.64%
27,Exit long,Close entry(s) order LONG,2/28/2024 12:00,0.0027229,556525532.1,268579.22,21.54%,409435.84,32.84%,-5064.38,-0.41%,515307.72,21.54%
27,Entry long,LONG,2/28/2024 0:00,0.0022403,556525532.1,268579.22,21.54%,409435.84,32.84%,-5064.38,-0.41%,515307.72,21.54%
28,Exit short,Close entry(s) order SHORT,3/3/2024 3:00,0.0042975,339382230.1,56812.59,3.75%,185574.2,12.25%,-7771.85,-0.51%,572120.3,3.75%
28,Entry short,SHORT,3/2/2024 18:30,0.0044649,339382230.1,56812.59,3.75%,185574.2,12.25%,-7771.85,-0.51%,572120.3,3.75%
29,Exit long,Close entry(s) order LONG,4/5/2024 3:30,0.0068766,224249037.7,-30071.8,-1.91%,42450.34,2.70%,-48056.57,-3.06%,542048.5,-1.91%
29,Entry long,LONG,4/4/2024 14:00,0.0070107,224249037.7,-30071.8,-1.91%,42450.34,2.70%,-48056.57,-3.06%,542048.5,-1.91%
30,Exit long,Close entry(s) order LONG,4/8/2024 7:30,0.0073456,214417601.7,32955.98,2.14%,73609.56,4.77%,-6539.74,-0.42%,575004.5,2.14%
30,Entry long,LONG,4/7/2024 18:30,0.0071919,214417601.7,32955.98,2.14%,73609.56,4.77%,-6539.74,-0.42%,575004.5,2.14%
31,Exit short,Close entry(s) order SHORT,4/10/2024 12:30,0.0069961,224968503.5,1124.84,0.07%,53430.02,3.39%,-3734.48,-0.24%,576129.3,0.07%
31,Entry short,SHORT,4/10/2024 9:30,0.0070011,224968503.5,1124.84,0.07%,53430.02,3.39%,-3734.48,-0.24%,576129.3,0.07%
32,Exit short,Close entry(s) order SHORT,4/10/2024 21:00,0.0068172,233055247.9,-12608.29,-0.80%,14426.12,0.92%,-13936.7,-0.88%,563521.06,-0.80%
32,Entry short,SHORT,4/10/2024 20:30,0.0067631,233055247.9,-12608.29,-0.80%,14426.12,0.92%,-13936.7,-0.88%,563521.06,-0.80%
33,Exit long,Close entry(s) order LONG,4/12/2024 14:30,0.0072319,209539521.4,-48298.86,-3.09%,25186.65,1.61%,-53809.75,-3.44%,515222.2,-3.09%
33,Entry long,LONG,4/12/2024 1:00,0.0074624,209539521.4,-48298.86,-3.09%,25186.65,1.61%,-53809.75,-3.44%,515222.2,-3.09%
34,Exit short,Close entry(s) order SHORT,4/14/2024 11:30,0.0052418,273995440.8,78965.48,5.21%,485382.94,32.03%,-24440.39,-1.61%,594187.7,5.21%
34,Entry short,SHORT,4/13/2024 23:30,0.00553,273995440.8,78965.48,5.21%,485382.94,32.03%,-24440.39,-1.61%,594187.7,5.21%
35,Exit long,Close entry(s) order LONG,4/28/2024 2:30,0.00711,222816843.9,-10004.48,-0.63%,5503.58,0.35%,-13569.55,-0.85%,584183.2,-0.63%
35,Entry long,LONG,4/28/2024 2:00,0.0071549,222816843.9,-10004.48,-0.63%,5503.58,0.35%,-13569.55,-0.85%,584183.2,-0.63%
36,Exit short,Close entry(s) order SHORT,5/7/2024 5:00,0.0085212,188136335.2,-19001.77,-1.20%,19697.88,1.24%,-47353.91,-2.99%,565181.44,-1.20%
36,Entry short,SHORT,5/6/2024 20:30,0.0084202,188136335.2,-19001.77,-1.20%,19697.88,1.24%,-47353.91,-2.99%,565181.44,-1.20%
37,Exit long,Close entry(s) order LONG,5/9/2024 4:00,0.0077161,194029953.6,-67988.09,-4.34%,36361.21,2.32%,-84500.05,-5.40%,497193.34,-4.34%
37,Entry long,LONG,5/8/2024 21:30,0.0080665,194029953.6,-67988.09,-4.34%,36361.21,2.32%,-84500.05,-5.40%,497193.34,-4.34%
38,Exit short,Close entry(s) order SHORT,5/11/2024 7:30,0.0085761,178786431.1,-36025.46,-2.41%,31216.11,2.08%,-49094.75,-3.28%,461167.88,-2.41%
38,Entry short,SHORT,5/10/2024 22:30,0.0083746,178786431.1,-36025.46,-2.41%,31216.11,2.08%,-49094.75,-3.28%,461167.88,-2.41%
39,Exit short,Close entry(s) order SHORT,5/13/2024 8:30,0.0087851,168333433,-17658.18,-1.21%,4393.5,0.30%,-26394.68,-1.81%,443509.7,-1.21%
39,Entry short,SHORT,5/13/2024 4:30,0.0086802,168333433,-17658.18,-1.21%,4393.5,0.30%,-26394.68,-1.81%,443509.7,-1.21%
40,Exit long,Close entry(s) order LONG,5/14/2024 6:30,0.0098999,163705919.7,177146.17,12.27%,407987.9,28.26%,-19251.82,-1.33%,620655.9,12.27%
40,Entry long,LONG,5/13/2024 15:30,0.0088178,163705919.7,177146.17,12.27%,407987.9,28.26%,-19251.82,-1.33%,620655.9,12.27%
41,Exit long,Close entry(s) order LONG,5/24/2024 10:30,0.0145296,113623390.2,30121.56,1.86%,176741.19,10.90%,-13793.88,-0.85%,650777.44,1.86%
41,Entry long,LONG,5/24/2024 4:00,0.0142645,113623390.2,30121.56,1.86%,176741.19,10.90%,-13793.88,-0.85%,650777.44,1.86%
42,Exit short,Close entry(s) order SHORT,6/6/2024 1:00,0.0145368,115012709.9,-21150.84,-1.28%,32077.05,1.94%,-23485.6,-1.42%,629626.56,-1.28%
42,Entry short,SHORT,6/5/2024 17:30,0.0143529,115012709.9,-21150.84,-1.28%,32077.05,1.94%,-23485.6,-1.42%,629626.56,-1.28%
43,Exit long,SHORT,6/8/2024 0:30,0.0138154,115144358.2,-38849.71,-2.38%,16546.24,1.02%,-56201.96,-3.45%,590776.9,-2.38%
43,Entry long,LONG,6/7/2024 21:30,0.0141528,115144358.2,-38849.71,-2.38%,16546.24,1.02%,-56201.96,-3.45%,590776.9,-2.38%
44,Exit short,Close entry(s) order SHORT,6/8/2024 8:30,0.0130286,115145191.7,90596.23,5.70%,310362.34,19.51%,-3062.86,-0.19%,681373.1,5.70%
44,Entry short,SHORT,6/8/2024 0:30,0.0138154,115145191.7,90596.23,5.70%,310362.34,19.51%,-3062.86,-0.19%,681373.1,5.70%
45,Exit long,Close entry(s) order LONG,6/11/2024 20:30,0.0122073,142817242.8,62039.81,3.69%,118095.58,7.02%,-19366.02,-1.15%,743412.94,3.69%
45,Entry long,LONG,6/11/2024 13:30,0.0117729,142817242.8,62039.81,3.69%,118095.58,7.02%,-19366.02,-1.15%,743412.94,3.69%
46,Exit long,Close entry(s) order LONG,6/16/2024 0:30,0.0119531,149070809.2,38400.64,2.20%,89531.93,5.14%,-59687.95,-3.42%,781813.56,2.20%
46,Entry long,LONG,6/15/2024 5:00,0.0116955,149070809.2,38400.64,2.20%,89531.93,5.14%,-59687.95,-3.42%,781813.56,2.20%
47,Exit long,SHORT,6/18/2024 4:30,0.011303,151855659.7,-65343.49,-3.67%,2930.81,0.16%,-92343.43,-5.18%,716470.06,-3.67%
47,Entry long,LONG,6/18/2024 2:00,0.0117333,151855659.7,-65343.49,-3.67%,2930.81,0.16%,-92343.43,-5.18%,716470.06,-3.67%
48,Exit short,Close entry(s) order SHORT,6/18/2024 16:30,0.0106744,151859690.3,95459,5.56%,272967.78,15.90%,-26742.49,-1.56%,811929.06,5.56%
48,Entry short,SHORT,6/18/2024 4:30,0.011303,151859690.3,95459,5.56%,272967.78,15.90%,-26742.49,-1.56%,811929.06,5.56%
49,Exit short,Close entry(s) order SHORT,6/21/2024 13:00,0.0111202,157778568.4,57257.84,3.16%,113742.57,6.28%,-15083.63,-0.83%,869186.94,3.16%
49,Entry short,SHORT,6/20/2024 20:30,0.0114831,157778568.4,57257.84,3.16%,113742.57,6.28%,-15083.63,-0.83%,869186.94,3.16%
50,Exit long,Close entry(s) order LONG,6/26/2024 11:30,0.0128137,142497840.4,-43248.09,-2.31%,21659.67,1.16%,-56158.4,-3.00%,825938.8,-2.31%
50,Entry long,LONG,6/26/2024 9:00,0.0131172,142497840.4,-43248.09,-2.31%,21659.67,1.16%,-56158.4,-3.00%,825938.8,-2.31%
51,Exit long,Close entry(s) order LONG,7/1/2024 13:30,0.0118217,161206602.7,79797.27,4.37%,139008.45,7.61%,-32112.35,-1.76%,905736.1,4.37%
51,Entry long,LONG,6/30/2024 15:30,0.0113267,161206602.7,79797.27,4.37%,139008.45,7.61%,-32112.35,-1.76%,905736.1,4.37%
52,Exit short,Close entry(s) order SHORT,7/4/2024 18:00,0.0096945,193977922.1,24887.37,1.31%,118054.96,6.20%,-3860.16,-0.20%,930623.44,1.31%
52,Entry short,SHORT,7/4/2024 8:30,0.0098228,193977922.1,24887.37,1.31%,118054.96,6.20%,-3860.16,-0.20%,930623.44,1.31%
53,Exit long,Close entry(s) order LONG,7/9/2024 15:00,0.0092504,232154911.9,216902.33,11.23%,293374.16,15.20%,-28067.53,-1.45%,1147525.8,11.23%
53,Entry long,LONG,7/8/2024 12:30,0.0083161,232154911.9,216902.33,11.23%,293374.16,15.20%,-28067.53,-1.45%,1147525.8,11.23%
54,Exit short,Close entry(s) order SHORT,7/12/2024 21:00,0.0087414,233607000.7,105310.04,4.90%,215268.84,10.02%,-8409.85,-0.39%,1252835.9,4.90%
54,Entry short,SHORT,7/11/2024 23:30,0.0091922,233607000.7,105310.04,4.90%,215268.84,10.02%,-8409.85,-0.39%,1252835.9,4.90%
55,Exit long,Close entry(s) order LONG,7/15/2024 16:30,0.0095105,250827896.3,132035.8,5.86%,221079.7,9.81%,-1780.88,-0.08%,1384871.6,5.86%
55,Entry long,LONG,7/15/2024 4:30,0.0089841,250827896.3,132035.8,5.86%,221079.7,9.81%,-1780.88,-0.08%,1384871.6,5.86%
56,Exit long,Close entry(s) order LONG,7/17/2024 14:30,0.0123886,197178308.2,57852.12,2.43%,160049.62,6.71%,-103203.12,-4.33%,1442723.8,2.43%
56,Entry long,LONG,7/16/2024 18:00,0.0120952,197178308.2,57852.12,2.43%,160049.62,6.71%,-103203.12,-4.33%,1442723.8,2.43%
57,Exit short,Close entry(s) order SHORT,7/20/2024 13:30,0.0122814,202075061.1,-39020.69,-1.60%,21662.45,0.89%,-49447.77,-2.02%,1403703,-1.60%
57,Entry short,SHORT,7/20/2024 8:00,0.0120883,202075061.1,-39020.69,-1.60%,21662.45,0.89%,-49447.77,-2.02%,1403703,-1.60%
58,Exit long,Close entry(s) order LONG,7/21/2024 23:30,0.0121104,196923151.1,-18884.93,-0.79%,15990.16,0.67%,-24083.7,-1.00%,1384818.1,-0.79%
58,Entry long,LONG,7/21/2024 22:00,0.0122063,196923151.1,-18884.93,-0.79%,15990.16,0.67%,-24083.7,-1.00%,1384818.1,-0.79%
59,Exit short,Close entry(s) order SHORT,7/26/2024 8:00,0.0115921,206805425.8,-12449.69,-0.52%,146314.84,6.14%,-73229.8,-3.07%,1372368.5,-0.52%
59,Entry short,SHORT,7/25/2024 19:30,0.0115319,206805425.8,-12449.69,-0.52%,146314.84,6.14%,-73229.8,-3.07%,1372368.5,-0.52%
60,Exit short,Close entry(s) order SHORT,7/28/2024 5:00,0.012132,197061845.7,-18385.87,-0.78%,90530.21,3.82%,-25460.39,-1.07%,1353982.6,-0.78%
60,Entry short,SHORT,7/27/2024 23:30,0.0120387,197061845.7,-18385.87,-0.78%,90530.21,3.82%,-25460.39,-1.07%,1353982.6,-0.78%
61,Exit short,Close entry(s) order SHORT,7/30/2024 12:00,0.0118599,196121087.1,27986.48,1.19%,69132.68,2.94%,-14473.74,-0.61%,1381969,1.19%
61,Entry short,SHORT,7/29/2024 21:30,0.0120026,196121087.1,27986.48,1.19%,69132.68,2.94%,-14473.74,-0.61%,1381969,1.19%
62,Exit long,Close entry(s) order LONG,8/2/2024 9:00,0.0103721,228835254.8,-8123.65,-0.34%,51785.42,2.17%,-12746.12,-0.54%,1373845.4,-0.34%
62,Entry long,LONG,8/2/2024 4:30,0.0104076,228835254.8,-8123.65,-0.34%,51785.42,2.17%,-12746.12,-0.54%,1373845.4,-0.34%
63,Exit long,Close entry(s) order LONG,8/6/2024 3:30,0.0071708,331672357.9,4477.58,0.19%,150313.9,6.33%,-63880.1,-2.69%,1378323,0.19%
63,Entry long,LONG,8/5/2024 23:00,0.0071573,331672357.9,4477.58,0.19%,150313.9,6.33%,-63880.1,-2.69%,1378323,0.19%
64,Exit long,Close entry(s) order LONG,8/9/2024 12:30,0.0085912,300141718.5,200284.56,8.42%,319981.1,13.45%,-63840.14,-2.68%,1578607.5,8.42%
64,Entry long,LONG,8/8/2024 9:30,0.0079239,300141718.5,200284.56,8.42%,319981.1,13.45%,-63840.14,-2.68%,1578607.5,8.42%
65,Exit short,Close entry(s) order SHORT,8/18/2024 10:00,0.0075457,344701370.9,-22198.77,-0.86%,22095.36,0.86%,-26369.65,-1.02%,1556408.8,-0.86%
65,Entry short,SHORT,8/18/2024 7:00,0.0074813,344701370.9,-22198.77,-0.86%,22095.36,0.86%,-26369.65,-1.02%,1556408.8,-0.86%
66,Exit short,Close entry(s) order SHORT,8/21/2024 3:00,0.0078245,319806942.7,54047.38,2.11%,106623.63,4.17%,-11481.07,-0.45%,1610456.1,2.11%
66,Entry short,SHORT,8/20/2024 20:00,0.0079935,319806942.7,54047.38,2.11%,106623.63,4.17%,-11481.07,-0.45%,1610456.1,2.11%
67,Exit short,Close entry(s) order SHORT,8/23/2024 22:00,0.0080976,321330414,8483.12,0.32%,43058.28,1.65%,-148165.45,-5.68%,1618939.2,0.32%
67,Entry short,SHORT,8/23/2024 17:30,0.008124,321330414,8483.12,0.32%,43058.28,1.65%,-148165.45,-5.68%,1618939.2,0.32%
68,Exit long,Close entry(s) order LONG,8/28/2024 4:00,0.0082876,313232779.9,-22834.67,-0.87%,27031.99,1.03%,-39279.39,-1.50%,1596104.6,-0.87%
68,Entry long,LONG,8/27/2024 22:30,0.0083605,313232779.9,-22834.67,-0.87%,27031.99,1.03%,-39279.39,-1.50%,1596104.6,-0.87%
69,Exit long,Close entry(s) order LONG,8/28/2024 21:00,0.0077773,320427623.3,-104010.8,-4.01%,2114.82,0.08%,-108400.66,-4.18%,1492093.8,-4.01%
69,Entry long,LONG,8/28/2024 17:00,0.0081019,320427623.3,-104010.8,-4.01%,2114.82,0.08%,-108400.66,-4.18%,1492093.8,-4.01%
70,Exit short,Close entry(s) order SHORT,9/5/2024 6:00,0.0073893,339749123.7,-18414.4,-0.74%,15390.64,0.62%,-27927.38,-1.12%,1473679.4,-0.74%
70,Entry short,SHORT,9/5/2024 3:00,0.0073351,339749123.7,-18414.4,-0.74%,15390.64,0.62%,-27927.38,-1.12%,1473679.4,-0.74%
71,Exit long,SHORT,9/6/2024 23:30,0.0069683,352100120.3,-20140.13,-0.81%,85243.44,3.45%,-52110.82,-2.11%,1453539.2,-0.81%
71,Entry long,LONG,9/6/2024 17:00,0.0070255,352100120.3,-20140.13,-0.81%,85243.44,3.45%,-52110.82,-2.11%,1453539.2,-0.81%
72,Exit short,Close entry(s) order SHORT,9/7/2024 8:30,0.0066792,352100120.3,101792.15,4.15%,226329.95,9.22%,-4119.57,-0.17%,1555331.4,4.15%
72,Entry short,SHORT,9/6/2024 23:30,0.0069683,352100120.3,101792.15,4.15%,226329.95,9.22%,-4119.57,-0.17%,1555331.4,4.15%
73,Exit long,Close entry(s) order LONG,9/12/2024 14:00,0.0073621,360169618.9,96021.22,3.76%,145652.6,5.70%,-5042.37,-0.20%,1651352.6,3.76%
73,Entry long,LONG,9/11/2024 22:30,0.0070955,360169618.9,96021.22,3.76%,145652.6,5.70%,-5042.37,-0.20%,1651352.6,3.76%
74,Exit short,Close entry(s) order SHORT,9/17/2024 10:00,0.0071983,347604409.4,149157.05,5.63%,199872.53,7.54%,-9072.47,-0.34%,1800509.6,5.63%
74,Entry short,SHORT,9/16/2024 0:00,0.0076274,347604409.4,149157.05,5.63%,199872.53,7.54%,-9072.47,-0.34%,1800509.6,5.63%
75,Exit long,Close entry(s) order LONG,9/20/2024 4:00,0.0080701,383049019.3,291078.94,10.40%,392855.06,14.03%,-60943.1,-2.18%,2091588.6,10.39%
75,Entry long,LONG,9/19/2024 2:00,0.0073102,383049019.3,291078.94,10.40%,392855.06,14.03%,-60943.1,-2.18%,2091588.6,10.39%
76,Exit long,Close entry(s) order LONG,9/20/2024 19:30,0.0081959,374488357.5,-22244.61,-0.72%,96280.95,3.11%,-48683.49,-1.57%,2069344,-0.72%
76,Entry long,LONG,9/20/2024 11:30,0.0082553,374488357.5,-22244.61,-0.72%,96280.95,3.11%,-48683.49,-1.57%,2069344,-0.72%
77,Exit short,Close entry(s) order SHORT,9/27/2024 6:00,0.0095082,328170302.9,-50997.66,-1.66%,10895.25,0.35%,-63927.57,-2.08%,2018346.4,-1.66%
77,Entry short,SHORT,9/27/2024 4:30,0.0093528,328170302.9,-50997.66,-1.66%,10895.25,0.35%,-63927.57,-2.08%,2018346.4,-1.66%
78,Exit long,Close entry(s) order LONG,10/8/2024 2:00,0.0101787,284280326,-124713.78,-4.13%,57168.77,1.89%,-132872.62,-4.40%,1893632.6,-4.13%
78,Entry long,LONG,10/7/2024 21:30,0.0106174,284280326,-124713.78,-4.13%,57168.77,1.89%,-132872.62,-4.40%,1893632.6,-4.13%
79,Exit short,LONG,10/15/2024 6:00,0.0109979,274452266.6,-124766,-4.31%,18196.19,0.63%,-132258.55,-4.57%,1768866.6,-4.31%
79,Entry short,SHORT,10/15/2024 1:30,0.0105433,274452266.6,-124766,-4.31%,18196.19,0.63%,-132258.55,-4.57%,1768866.6,-4.31%
80,Exit long,Close entry(s) order LONG,10/15/2024 11:00,0.0106888,251767992.4,-77821.48,-2.81%,46023.19,1.66%,-86331.24,-3.12%,1691045.1,-2.81%
80,Entry long,LONG,10/15/2024 6:00,0.0109979,251767992.4,-77821.48,-2.81%,46023.19,1.66%,-86331.24,-3.12%,1691045.1,-2.81%
81,Exit long,Close entry(s) order LONG,10/26/2024 21:00,0.0089538,302218601.7,14990.04,0.56%,61803.7,2.30%,-9489.66,-0.35%,1706035.1,0.56%
81,Entry long,LONG,10/26/2024 9:30,0.0089042,302218601.7,14990.04,0.56%,61803.7,2.30%,-9489.66,-0.35%,1706035.1,0.56%
82,Exit short,Close entry(s) order SHORT,10/30/2024 7:30,0.0096439,284833811,-40845.17,-1.51%,9342.55,0.35%,-56824.34,-2.10%,1665190,-1.51%
82,Entry short,SHORT,10/30/2024 4:00,0.0095005,284833811,-40845.17,-1.51%,9342.55,0.35%,-56824.34,-2.10%,1665190,-1.51%
83,Exit short,Close entry(s) order SHORT,11/2/2024 9:30,0.0089842,298116348.8,-13176.74,-0.49%,67046.37,2.52%,-15680.92,-0.59%,1652013.2,-0.49%
83,Entry short,SHORT,11/2/2024 1:30,0.00894,298116348.8,-13176.74,-0.49%,67046.37,2.52%,-15680.92,-0.59%,1652013.2,-0.49%
84,Exit short,Close entry(s) order SHORT,11/11/2024 7:30,0.0123433,224817377.2,-123065.03,-4.64%,84396.45,3.18%,-161306.47,-6.08%,1528948.2,-4.64%
84,Entry short,SHORT,11/11/2024 4:00,0.0117959,224817377.2,-123065.03,-4.64%,84396.45,3.18%,-161306.47,-6.08%,1528948.2,-4.64%
85,Exit long,Close entry(s) order LONG,11/21/2024 16:00,0.0193578,128962829.7,-32666.28,-1.29%,28229.96,1.12%,-55595.87,-2.20%,1496281.9,-1.29%
85,Entry long,LONG,11/21/2024 12:00,0.0196111,128962829.7,-32666.28,-1.29%,28229.96,1.12%,-55595.87,-2.20%,1496281.9,-1.29%
86,Exit short,Close entry(s) order SHORT,12/10/2024 8:00,0.026575,98675459.62,-126334.19,-5.06%,225424.1,9.03%,-197706.16,-7.92%,1369947.8,-5.06%
86,Entry short,SHORT,12/10/2024 4:00,0.0252947,98675459.62,-126334.19,-5.06%,225424.1,9.03%,-197706.16,-7.92%,1369947.8,-5.06%
87,Exit short,Close entry(s) order SHORT,12/15/2024 20:00,0.0235509,102392128.1,-41479.05,-1.75%,58721.89,2.48%,-49158.46,-2.07%,1328468.6,-1.75%
87,Entry short,SHORT,12/15/2024 11:00,0.0231458,102392128.1,-41479.05,-1.75%,58721.89,2.48%,-49158.46,-2.07%,1328468.6,-1.75%
88,Exit long,Close entry(s) order LONG,12/16/2024 11:30,0.0236209,95360259.32,-75983.05,-3.26%,28798.8,1.24%,-84136.36,-3.61%,1252485.6,-3.26%
88,Entry long,LONG,12/16/2024 7:30,0.0244177,95360259.32,-75983.05,-3.26%,28798.8,1.24%,-84136.36,-3.61%,1252485.6,-3.26%
89,Exit long,SHORT,12/19/2024 3:30,0.0200056,103192487.3,-187975.44,-8.35%,5376.33,0.24%,-287917.34,-12.78%,1064510.1,-8.35%
89,Entry long,LONG,12/19/2024 2:00,0.0218272,103192487.3,-187975.44,-8.35%,5376.33,0.24%,-287917.34,-12.78%,1064510.1,-8.35%
90,Exit short,LONG,12/19/2024 12:00,0.0192425,103196613.5,78749.34,3.81%,214989.5,10.41%,-17564.06,-0.85%,1143259.5,3.81%
90,Entry short,SHORT,12/19/2024 3:30,0.0200056,103196613.5,78749.34,3.81%,214989.5,10.41%,-17564.06,-0.85%,1143259.5,3.81%
91,Exit long,Close entry(s) order LONG,12/19/2024 14:00,0.0190934,111398280.2,-16609.48,-0.77%,22134.84,1.03%,-19862.31,-0.93%,1126650,-0.77%
91,Entry long,LONG,12/19/2024 12:00,0.0192425,111398280.2,-16609.48,-0.77%,22134.84,1.03%,-19862.31,-0.93%,1126650,-0.77%
92,Exit long,Close entry(s) order LONG,12/25/2024 8:00,0.0192382,110405355,-2605.57,-0.12%,11173.02,0.53%,-12100.43,-0.57%,1124044.5,-0.12%
92,Entry long,LONG,12/25/2024 6:00,0.0192618,110405355,-2605.57,-0.12%,11173.02,0.53%,-12100.43,-0.57%,1124044.5,-0.12%
93,Exit long,Close entry(s) order LONG,12/27/2024 22:00,0.0177558,121857919.4,39640.38,1.87%,104359.13,4.91%,-48584.75,-2.29%,1163684.9,1.87%
93,Entry long,LONG,12/27/2024 2:00,0.0174305,121857919.4,39640.38,1.87%,104359.13,4.91%,-48584.75,-2.29%,1163684.9,1.87%
94,Exit short,Close entry(s) order SHORT,12/30/2024 9:00,0.0181221,116461762,53153.15,2.46%,97233.92,4.49%,-19740.27,-0.91%,1216838,2.46%
94,Entry short,SHORT,12/29/2024 21:00,0.0185785,116461762,53153.15,2.46%,97233.92,4.49%,-19740.27,-0.91%,1216838,2.46%
95,Exit short,Close entry(s) order SHORT,12/30/2024 14:30,0.0183127,123566121,-45991.31,-2.07%,10416.62,0.47%,-66182.02,-2.99%,1170846.6,-2.07%
95,Entry short,SHORT,12/30/2024 12:00,0.0179405,123566121,-45991.31,-2.07%,10416.62,0.47%,-66182.02,-2.99%,1170846.6,-2.07%
96,Exit long,Close entry(s) order LONG,12/31/2024 5:30,0.0180823,117461795.6,-47090.43,-2.17%,11323.32,0.52%,-74271.09,-3.42%,1123756.2,-2.17%
96,Entry long,LONG,12/31/2024 2:00,0.0184832,117461795.6,-47090.43,-2.17%,11323.32,0.52%,-74271.09,-3.42%,1123756.2,-2.17%
97,Exit long,Close entry(s) order LONG,1/1/2025 2:00,0.0203982,107206813.2,63080.49,2.97%,218315.95,10.28%,-33877.35,-1.60%,1186836.8,2.97%
97,Entry long,LONG,12/31/2024 16:00,0.0198098,107206813.2,63080.49,2.97%,218315.95,10.28%,-33877.35,-1.60%,1186836.8,2.97%
98,Exit long,Close entry(s) order LONG,1/5/2025 13:30,0.021089,104577795.4,18583.47,0.85%,50678.4,2.32%,-12214.69,-0.56%,1205420.2,0.85%
98,Entry long,LONG,1/5/2025 1:30,0.0209113,104577795.4,18583.47,0.85%,50678.4,2.32%,-12214.69,-0.56%,1205420.2,0.85%
99,Exit short,Close entry(s) order SHORT,1/6/2025 10:30,0.0208904,108327081.1,-57575.84,-2.61%,1354.09,0.06%,-73337.44,-3.33%,1147844.4,-2.61%
99,Entry short,SHORT,1/6/2025 8:30,0.0203589,108327081.1,-57575.84,-2.61%,1354.09,0.06%,-73337.44,-3.33%,1147844.4,-2.61%
100,Exit short,Close entry(s) order SHORT,1/10/2025 9:00,0.0172101,125175968.3,-6434.04,-0.30%,68396.15,3.18%,-12242.21,-0.57%,1141410.4,-0.30%
100,Entry short,SHORT,1/10/2025 2:30,0.0171587,125175968.3,-6434.04,-0.30%,68396.15,3.18%,-12242.21,-0.57%,1141410.4,-0.30%
101,Exit short,Close entry(s) order SHORT,1/11/2025 3:00,0.0176808,124433319.4,-58670.31,-2.74%,13351.7,0.62%,-85946.09,-4.01%,1082740,-2.74%
101,Entry short,SHORT,1/10/2025 22:30,0.0172093,124433319.4,-58670.31,-2.74%,13351.7,0.62%,-85946.09,-4.01%,1082740,-2.74%
102,Exit long,Close entry(s) order LONG,1/14/2025 20:00,0.0171677,124078973.3,47398.17,2.28%,103295.74,4.96%,-3374.95,-0.16%,1130138.1,2.28%
102,Entry long,LONG,1/14/2025 5:00,0.0167857,124078973.3,47398.17,2.28%,103295.74,4.96%,-3374.95,-0.16%,1130138.1,2.28%
103,Exit long,Close entry(s) order LONG,1/16/2025 10:00,0.0185612,116595319.1,33940.9,1.59%,113727.07,5.34%,-29568.57,-1.39%,1164079.1,1.59%
103,Entry long,LONG,1/15/2025 22:00,0.0182701,116595319.1,33940.9,1.59%,113727.07,5.34%,-29568.57,-1.39%,1164079.1,1.59%
104,Exit long,Close entry(s) order LONG,1/20/2025 19:30,0.0163674,127576435.7,-75959.01,-3.51%,79046.36,3.65%,-110098.46,-5.09%,1088120.1,-3.51%
104,Entry long,LONG,1/20/2025 14:00,0.0169628,127576435.7,-75959.01,-3.51%,79046.36,3.65%,-110098.46,-5.09%,1088120.1,-3.51%
105,Exit long,Close entry(s) order LONG,1/24/2025 2:00,0.014778,137531948.6,-55659.18,-2.67%,54861.5,2.63%,-58368.56,-2.80%,1032460.9,-2.67%
105,Entry long,LONG,1/23/2025 23:00,0.0151827,137531948.6,-55659.18,-2.67%,54861.5,2.63%,-58368.56,-2.80%,1032460.9,-2.67%
106,Exit long,Close entry(s) order LONG,1/28/2025 8:00,0.0129442,153921836.5,-40019.68,-1.97%,10066.49,0.50%,-54472.94,-2.68%,992441.2,-1.97%
106,Entry long,LONG,1/28/2025 4:30,0.0132042,153921836.5,-40019.68,-1.97%,10066.49,0.50%,-54472.94,-2.68%,992441.2,-1.97%
107,Exit long,Close entry(s) order LONG,2/11/2025 6:30,0.0095342,204571154.1,-42243.94,-2.12%,6382.62,0.32%,-56788.95,-2.85%,950197.25,-2.12%
107,Entry long,LONG,2/11/2025 0:30,0.0097407,204571154.1,-42243.94,-2.12%,6382.62,0.32%,-56788.95,-2.85%,950197.25,-2.12%
108,Exit short,Close entry(s) order SHORT,2/12/2025 13:30,0.0094915,198590382,65534.82,3.36%,113117.08,5.80%,-57253.6,-2.94%,1015732.1,3.36%
108,Entry short,SHORT,2/11/2025 21:00,0.0098215,198590382,65534.82,3.36%,113117.08,5.80%,-57253.6,-2.94%,1015732.1,3.36%
109,Exit long,Close entry(s) order LONG,2/17/2025 12:30,0.0095964,207861004.9,-21035.53,-1.04%,38142.5,1.89%,-40823.9,-2.03%,994696.56,-1.04%
109,Entry long,LONG,2/17/2025 7:00,0.0096976,207861004.9,-21035.53,-1.04%,38142.5,1.89%,-40823.9,-2.03%,994696.56,-1.04%
110,Exit short,Close entry(s) order SHORT,2/22/2025 12:30,0.0092179,208798785.9,70031.11,3.51%,108784.16,5.45%,-522,-0.03%,1064727.6,3.51%
110,Entry short,SHORT,2/22/2025 0:30,0.0095533,208798785.9,70031.11,3.51%,108784.16,5.45%,-522,-0.03%,1064727.6,3.51%
111,Exit long,Close entry(s) order LONG,3/3/2025 9:30,0.0084057,245678074.5,540.49,0.03%,133280.36,6.46%,-2530.48,-0.12%,1065268.1,0.03%
111,Entry long,LONG,3/3/2025 0:30,0.0084035,245678074.5,540.49,0.03%,133280.36,6.46%,-2530.48,-0.12%,1065268.1,0.03%
112,Exit long,Close entry(s) order LONG,3/8/2025 5:00,0.0070722,283632241.4,-59364.23,-2.87%,10522.76,0.51%,-79133.4,-3.83%,1005903.94,-2.87%
112,Entry long,LONG,3/8/2025 2:00,0.0072815,283632241.4,-59364.23,-2.87%,10522.76,0.51%,-79133.4,-3.83%,1005903.94,-2.87%
113,Exit long,Close entry(s) order LONG,3/10/2025 22:30,0.0062273,328966140.4,42568.22,2.12%,178793.1,8.91%,-20330.11,-1.01%,1048472.2,2.12%
113,Entry long,LONG,3/10/2025 12:00,0.0060979,328966140.4,42568.22,2.12%,178793.1,8.91%,-20330.11,-1.01%,1048472.2,2.12%
114,Exit short,LONG,3/13/2025 16:30,0.0072308,292768534.1,-68507.84,-3.34%,24651.11,1.20%,-101883.45,-4.97%,979964.3,-3.34%
114,Entry short,SHORT,3/13/2025 13:00,0.0069968,292768534.1,-68507.84,-3.34%,24651.11,1.20%,-101883.45,-4.97%,979964.3,-3.34%
115,Exit long,Close entry(s) order LONG,3/13/2025 19:30,0.0071016,273808016.3,-35376,-1.79%,60292.52,3.05%,-38415.27,-1.94%,944588.3,-1.79%
115,Entry long,LONG,3/13/2025 16:30,0.0072308,273808016.3,-35376,-1.79%,60292.52,3.05%,-38415.27,-1.94%,944588.3,-1.79%
116,Exit long,Close entry(s) order LONG,3/15/2025 1:00,0.0070818,267381897.2,-51176.89,-2.63%,14144.5,0.73%,-60160.93,-3.09%,893411.44,-2.63%
116,Entry long,LONG,3/14/2025 22:30,0.0072732,267381897.2,-51176.89,-2.63%,14144.5,0.73%,-60160.93,-3.09%,893411.44,-2.63%
117,Exit long,Close entry(s) order LONG,3/23/2025 18:00,0.00728,260646095,4092.14,0.22%,22650.15,1.20%,-9982.75,-0.53%,897503.56,0.22%
117,Entry long,LONG,3/23/2025 10:00,0.0072643,260646095,4092.14,0.22%,22650.15,1.20%,-9982.75,-0.53%,897503.56,0.22%
118,Exit long,Close entry(s) order LONG,4/10/2025 8:30,0.0068308,305104124.6,186693.22,9.84%,279566.9,14.73%,-10495.58,-0.55%,1084196.8,9.84%
118,Entry long,LONG,4/9/2025 12:30,0.0062189,305104124.6,186693.22,9.84%,279566.9,14.73%,-10495.58,-0.55%,1084196.8,9.84%
119,Exit long,Close entry(s) order LONG,4/13/2025 10:00,0.0073701,296383269,100147.91,4.81%,163692.48,7.85%,-8535.84,-0.41%,1184344.8,4.81%
119,Entry long,LONG,4/12/2025 20:30,0.0070322,296383269,100147.91,4.81%,163692.48,7.85%,-8535.84,-0.41%,1184344.8,4.81%
120,Exit long,SHORT,4/22/2025 0:00,0.0077764,280991637.6,899.17,0.04%,77497.49,3.55%,-17309.08,-0.79%,1185243.9,0.04%
120,Entry long,LONG,4/21/2025 8:00,0.0077732,280991637.6,899.17,0.04%,77497.49,3.55%,-17309.08,-0.79%,1185243.9,0.04%
121,Exit short,Close entry(s) order SHORT,4/22/2025 8:30,0.0079427,281009706.1,-46731.91,-2.14%,48446.07,2.22%,-55892.83,-2.56%,1138512,-2.14%
121,Entry short,SHORT,4/22/2025 0:00,0.0077764,281009706.1,-46731.91,-2.14%,48446.07,2.22%,-55892.83,-2.56%,1138512,-2.14%
122,Exit short,Close entry(s) order SHORT,4/24/2025 19:30,0.008525,238899843.8,101914.67,4.77%,148739.05,6.96%,-32155.92,-1.50%,1240426.6,4.77%
122,Entry short,SHORT,4/23/2025 21:00,0.0089516,238899843.8,101914.67,4.77%,148739.05,6.96%,-32155.92,-1.50%,1240426.6,4.77%
123,Exit short,Close entry(s) order SHORT,4/27/2025 15:30,0.0090664,249885857.9,-25113.53,-1.12%,3023.62,0.13%,-32135.32,-1.43%,1215313.1,-1.12%
123,Entry short,SHORT,4/27/2025 13:00,0.0089659,249885857.9,-25113.53,-1.12%,3023.62,0.13%,-32135.32,-1.43%,1215313.1,-1.12%
124,Exit short,LONG,4/29/2025 3:00,0.0089426,252754012.8,-44788.01,-2.02%,55883.91,2.52%,-59296.09,-2.68%,1170525.1,-2.02%
124,Entry short,SHORT,4/28/2025 21:00,0.0087654,252754012.8,-44788.01,-2.02%,55883.91,2.52%,-59296.09,-2.68%,1170525.1,-2.02%
125,Exit long,Close entry(s) order LONG,4/29/2025 8:30,0.0089161,242711911.4,-6431.87,-0.30%,35775.73,1.65%,-12669.56,-0.58%,1164093.2,-0.30%
125,Entry long,LONG,4/29/2025 3:00,0.0089426,242711911.4,-6431.87,-0.30%,35775.73,1.65%,-12669.56,-0.58%,1164093.2,-0.30%
126,Exit short,Close entry(s) order SHORT,5/1/2025 0:30,0.0087654,251040336.4,-36225.12,-1.67%,5271.85,0.24%,-41622.49,-1.92%,1127868.1,-1.67%
126,Entry short,SHORT,4/30/2025 22:00,0.0086211,251040336.4,-36225.12,-1.67%,5271.85,0.24%,-41622.49,-1.92%,1127868.1,-1.67%
127,Exit short,Close entry(s) order SHORT,5/19/2025 6:30,0.0133152,164880717.4,-67568.12,-3.18%,56949.8,2.68%,-81517.02,-3.83%,1060300,-3.18%
127,Entry short,SHORT,5/19/2025 3:00,0.0129054,164880717.4,-67568.12,-3.18%,56949.8,2.68%,-81517.02,-3.83%,1060300,-3.18%
128,Exit long,SHORT,5/22/2025 2:00,0.013074,148973245.2,-112623.77,-5.47%,119565.93,5.80%,-153010.42,-7.43%,947676.2,-5.47%
128,Entry long,LONG,5/21/2025 19:30,0.01383,148973245.2,-112623.77,-5.47%,119565.93,5.80%,-153010.42,-7.43%,947676.2,-5.47%
129,Exit short,Close entry(s) order SHORT,5/22/2025 5:30,0.0134161,148973245.2,-50963.75,-2.62%,13601.26,0.70%,-64952.34,-3.33%,896712.44,-2.62%
129,Entry short,SHORT,5/22/2025 2:00,0.013074,148973245.2,-50963.75,-2.62%,13601.26,0.70%,-64952.34,-3.33%,896712.44,-2.62%
130,Exit short,Close entry(s) order SHORT,5/24/2025 0:30,0.0151375,129985708.4,-70959.2,-3.74%,14155.44,0.75%,-82423.94,-4.35%,825753.25,-3.74%
130,Entry short,SHORT,5/23/2025 19:30,0.0145916,129985708.4,-70959.2,-3.74%,14155.44,0.75%,-82423.94,-4.35%,825753.25,-3.74%
131,Exit short,Close entry(s) order SHORT,5/30/2025 22:30,0.0130319,142754076.5,-34603.59,-1.90%,1698.77,0.09%,-38900.48,-2.13%,791149.7,-1.90%
131,Entry short,SHORT,5/30/2025 21:30,0.0127895,142754076.5,-34603.59,-1.90%,1698.77,0.09%,-38900.48,-2.13%,791149.7,-1.90%
132,Exit short,Close entry(s) order SHORT,5/31/2025 3:00,0.0127885,141257860.7,-15156.97,-0.85%,80686.49,4.50%,-33280.35,-1.86%,775992.7,-0.85%
132,Entry short,SHORT,5/30/2025 23:30,0.0126812,141257860.7,-15156.97,-0.85%,80686.49,4.50%,-33280.35,-1.86%,775992.7,-0.85%
133,Exit short,Close entry(s) order SHORT,6/4/2025 15:30,0.0124663,139368968.8,38577.33,2.17%,84150.98,4.74%,-5379.64,-0.30%,814570.06,2.17%
133,Entry short,SHORT,6/4/2025 0:30,0.0127431,139368968.8,38577.33,2.17%,84150.98,4.74%,-5379.64,-0.30%,814570.06,2.17%
134,Exit short,Close entry(s) order SHORT,6/6/2025 9:00,0.0107233,166972168,24027.3,1.32%,91049.92,5.02%,-16096.12,-0.89%,838597.3,1.32%
134,Entry short,SHORT,6/6/2025 2:30,0.0108672,166972168,24027.3,1.32%,91049.92,5.02%,-16096.12,-0.89%,838597.3,1.32%
135,Exit short,Close entry(s) order SHORT,6/10/2025 14:00,0.0126314,146759046.2,-15189.56,-0.83%,12826.74,0.70%,-22586.22,-1.23%,823407.75,-0.83%
135,Entry short,SHORT,6/10/2025 11:30,0.0125279,146759046.2,-15189.56,-0.83%,12826.74,0.70%,-22586.22,-1.23%,823407.75,-0.83%
136,Exit long,SHORT,6/13/2025 3:00,0.0117549,150485917.9,-54490.95,-2.99%,38027.79,2.09%,-70261.87,-3.85%,768916.8,-2.99%
136,Entry long,LONG,6/12/2025 23:30,0.012117,150485917.9,-54490.95,-2.99%,38027.79,2.09%,-70261.87,-3.85%,768916.8,-2.99%
137,Exit short,Close entry(s) order SHORT,6/13/2025 16:00,0.0107843,150483357.3,146059.14,8.26%,199375.4,11.27%,-12174.1,-0.69%,914975.94,8.26%
137,Entry short,SHORT,6/13/2025 3:00,0.0117549,150483357.3,146059.14,8.26%,199375.4,11.27%,-12174.1,-0.69%,914975.94,8.26%
138,Exit long,Close entry(s) order LONG,6/14/2025 10:00,0.011142,173487825.4,18025.38,0.94%,46650.88,2.44%,-61796.36,-3.23%,933001.4,0.94%
138,Entry long,LONG,6/13/2025 23:30,0.0110381,173487825.4,18025.38,0.94%,46650.88,2.44%,-61796.36,-3.23%,933001.4,0.94%
139,Exit short,Close entry(s) order SHORT,6/21/2025 8:30,0.0099555,194531519.6,-3657.19,-0.19%,97713.18,5.05%,-27428.94,-1.42%,929344.2,-0.19%
139,Entry short,SHORT,6/20/2025 22:00,0.0099367,194531519.6,-3657.19,-0.19%,97713.18,5.05%,-27428.94,-1.42%,929344.2,-0.19%
140,Exit short,Close entry(s) order SHORT,6/24/2025 2:00,0.0092663,219880808.9,-108269.31,-5.61%,23923.03,1.24%,-121308.24,-6.29%,821074.9,-5.61%
140,Entry short,SHORT,6/23/2025 23:30,0.0087739,219880808.9,-108269.31,-5.61%,23923.03,1.24%,-121308.24,-6.29%,821074.9,-5.61%
141,Exit short,Close entry(s) order SHORT,7/2/2025 8:30,0.0092982,181405445.7,134348.88,7.38%,159999.61,8.79%,-14421.73,-0.79%,955423.75,7.38%
141,Entry short,SHORT,6/30/2025 10:30,0.0100388,181405445.7,134348.88,7.38%,159999.61,8.79%,-14421.73,-0.79%,955423.75,7.38%
142,Exit long,Close entry(s) order LONG,7/10/2025 22:00,0.0110944,187837286.6,128518.27,6.57%,176097.45,9.01%,-1446.35,-0.07%,1083942,6.57%
142,Entry long,LONG,7/10/2025 2:00,0.0104102,187837286.6,128518.27,6.57%,176097.45,9.01%,-1446.35,-0.07%,1083942,6.57%
143,Exit long,Close entry(s) order LONG,7/12/2025 4:30,0.0127639,182520143.7,245745.12,11.79%,341312.66,16.38%,-18635.31,-0.89%,1329687.1,11.79%
143,Entry long,LONG,7/11/2025 0:00,0.0114175,182520143.7,245745.12,11.79%,341312.66,16.38%,-18635.31,-0.89%,1329687.1,11.79%
